{
  "anis": {
    "R": 148.0501681373233,
    "G": 145.0180745442708,
    "B": 143.41011463952447
  },
  "cannelle": {
    "R": 173.71271122325473,
    "G": 161.52329132103375,
    "B": 155.64431614773488
  },
  "carvi": {
    "R": 159.3748520139663,
    "G": 144.76473999023435,
    "B": 130.21783432733446
  },
  "clou_girofle": {
    "R": 197.27200041121137,
    "G": 191.19430835802547,
    "B": 188.83532312937731
  },
  "cubebe": {
    "R": 147.9124142601376,
    "G": 136.07193143329926,
    "B": 129.4356725783575
  },
  "cumin": {
    "R": 139.55038691929408,
    "G": 124.87208311898368,
    "B": 112.67905292510986
  },
  "curcuma": {
    "R": 135.8755821924361,
    "G": 113.59166567363437,
    "B": 87.88953158968972
  },
  "gingembre": {
    "R": 131.64437432364812,
    "G": 125.27144158681232,
    "B": 114.79202252342589
  },
  "paprika": {
    "R": 150.1275808061872,
    "G": 120.49806330544608,
    "B": 109.3493454524449
  },
  "poivre noir": {
    "R": 202.59441777533027,
    "G": 198.9812684237178,
    "B": 192.54673971588463
  },
  "safran": {
    "R": 154.65875336783273,
    "G": 148.46751520974294,
    "B": 134.25442957196915
  }
}