{
  "mean": {
    "r": 0.6029079038616421,
    "g": 0.55349658545811,
    "b": 0.5049455058574359
  },
  "std": {
    "r": 0.18706283704399068,
    "g": 0.20806150460539763,
    "b": 0.23103543617406605
  }
}